dataset,metric,pandas,spark,abs_diff,match
EN_FR_15K_V1,kg1.n_entities,15000.0,15000.0,0.0,True
EN_FR_15K_V1,kg2.n_entities,15000.0,15000.0,0.0,True
EN_FR_15K_V1,kg1.n_relations,267.0,267.0,0.0,True
EN_FR_15K_V1,kg2.n_relations,210.0,210.0,0.0,True
EN_FR_15K_V1,kg1.n_attributes,307.0,307.0,0.0,True
EN_FR_15K_V1,kg2.n_attributes,403.0,403.0,0.0,True
EN_FR_15K_V1,kg1.n_literals,30281.0,30281.0,0.0,True
EN_FR_15K_V1,kg2.n_literals,28762.0,28762.0,0.0,True
EN_FR_15K_V1,kg1.n_rel_triples,47334.0,47334.0,0.0,True
EN_FR_15K_V1,kg2.n_rel_triples,40864.0,40864.0,0.0,True
EN_FR_15K_V1,kg1.n_attr_triples,57164.0,57164.0,0.0,True
EN_FR_15K_V1,kg2.n_attr_triples,54401.0,54401.0,0.0,True
EN_FR_15K_V1,kg1.attr_to_rel_ratio,1.207673131364347,1.207673131364347,0.0,True
EN_FR_15K_V1,kg2.attr_to_rel_ratio,1.3312695771339076,1.3312695771339076,0.0,True
EN_FR_15K_V1,alignments.n,15000.0,15000.0,0.0,True
EN_FR_15K_V1,kg1.total_degree.mean,6.3112,6.3112,0.0,True
EN_FR_15K_V1,kg2.total_degree.mean,5.448533333333334,5.448533333333334,0.0,True
EN_FR_15K_V1,kg1.total_degree.median,4.0,4.0,0.0,True
EN_FR_15K_V1,kg2.total_degree.median,3.0,3.0,0.0,True
EN_FR_15K_V1,kg1.total_degree.max,393.0,393.0,0.0,True
EN_FR_15K_V1,kg2.total_degree.max,424.0,424.0,0.0,True
EN_FR_15K_V1,kg1.total_degree.gini,0.5308509682962212,0.5308509682962212,0.0,True
EN_FR_15K_V1,kg2.total_degree.gini,0.510021370073088,0.510021370073088,0.0,True
EN_FR_15K_V1,kg1.share_isolated,0.0,0.0,0.0,True
EN_FR_15K_V1,kg2.share_isolated,0.0,0.0,0.0,True
EN_FR_15K_V1,kg1.rel.n_properties,267.0,267.0,0.0,True
EN_FR_15K_V1,kg2.rel.n_properties,210.0,210.0,0.0,True
EN_FR_15K_V1,kg1.rel.top10_concentration,0.5263235729074238,0.5263235729074238,0.0,True
EN_FR_15K_V1,kg2.rel.top10_concentration,0.5827133907595928,0.5827133907595928,0.0,True
EN_FR_15K_V2,kg1.n_entities,15000.0,15000.0,0.0,True
EN_FR_15K_V2,kg2.n_entities,15000.0,15000.0,0.0,True
EN_FR_15K_V2,kg1.n_relations,193.0,193.0,0.0,True
EN_FR_15K_V2,kg2.n_relations,166.0,166.0,0.0,True
EN_FR_15K_V2,kg1.n_attributes,188.0,188.0,0.0,True
EN_FR_15K_V2,kg2.n_attributes,220.0,220.0,0.0,True
EN_FR_15K_V2,kg1.n_literals,22761.0,22761.0,0.0,True
EN_FR_15K_V2,kg2.n_literals,21645.0,21645.0,0.0,True
EN_FR_15K_V2,kg1.n_rel_triples,96318.0,96318.0,0.0,True
EN_FR_15K_V2,kg2.n_rel_triples,80112.0,80112.0,0.0,True
EN_FR_15K_V2,kg1.n_attr_triples,52396.0,52396.0,0.0,True
EN_FR_15K_V2,kg2.n_attr_triples,56114.0,56114.0,0.0,True
EN_FR_15K_V2,kg1.attr_to_rel_ratio,0.5439897007828236,0.5439897007828236,0.0,True
EN_FR_15K_V2,kg2.attr_to_rel_ratio,0.7004443778709806,0.7004443778709806,0.0,True
EN_FR_15K_V2,alignments.n,15000.0,15000.0,0.0,True
EN_FR_15K_V2,kg1.total_degree.mean,12.8424,12.8424,0.0,True
EN_FR_15K_V2,kg2.total_degree.mean,10.6816,10.6816,0.0,True
EN_FR_15K_V2,kg1.total_degree.median,8.0,8.0,0.0,True
EN_FR_15K_V2,kg2.total_degree.median,7.0,7.0,0.0,True
EN_FR_15K_V2,kg1.total_degree.max,1268.0,1268.0,0.0,True
EN_FR_15K_V2,kg2.total_degree.max,764.0,764.0,0.0,True
EN_FR_15K_V2,kg1.total_degree.gini,0.4249511534707946,0.4249511534707946,0.0,True
EN_FR_15K_V2,kg2.total_degree.gini,0.39573460238998726,0.39573460238998726,0.0,True
EN_FR_15K_V2,kg1.share_isolated,0.0,0.0,0.0,True
EN_FR_15K_V2,kg2.share_isolated,0.0,0.0,0.0,True
EN_FR_15K_V2,kg1.rel.n_properties,193.0,193.0,0.0,True
EN_FR_15K_V2,kg2.rel.n_properties,166.0,166.0,0.0,True
EN_FR_15K_V2,kg1.rel.top10_concentration,0.6747544591872755,0.6747544591872755,0.0,True
EN_FR_15K_V2,kg2.rel.top10_concentration,0.7890078889554624,0.7890078889554624,0.0,True
EN_DE_15K_V1,kg1.n_entities,15000.0,15000.0,0.0,True
EN_DE_15K_V1,kg2.n_entities,15000.0,15000.0,0.0,True
EN_DE_15K_V1,kg1.n_relations,215.0,215.0,0.0,True
EN_DE_15K_V1,kg2.n_relations,131.0,131.0,0.0,True
EN_DE_15K_V1,kg1.n_attributes,285.0,285.0,0.0,True
EN_DE_15K_V1,kg2.n_attributes,193.0,193.0,0.0,True
EN_DE_15K_V1,kg1.n_literals,28973.0,28973.0,0.0,True
EN_DE_15K_V1,kg2.n_literals,35630.0,35630.0,0.0,True
EN_DE_15K_V1,kg1.n_rel_triples,47676.0,47676.0,0.0,True
EN_DE_15K_V1,kg2.n_rel_triples,50419.0,50419.0,0.0,True
EN_DE_15K_V1,kg1.n_attr_triples,62403.0,62403.0,0.0,True
EN_DE_15K_V1,kg2.n_attr_triples,133776.0,133776.0,0.0,True
EN_DE_15K_V1,kg1.attr_to_rel_ratio,1.30889755852001,1.30889755852001,0.0,True
EN_DE_15K_V1,kg2.attr_to_rel_ratio,2.6532854677800035,2.6532854677800035,0.0,True
EN_DE_15K_V1,alignments.n,15000.0,15000.0,0.0,True
EN_DE_15K_V1,kg1.total_degree.mean,6.3568,6.3568,0.0,True
EN_DE_15K_V1,kg2.total_degree.mean,6.722533333333334,6.722533333333334,0.0,True
EN_DE_15K_V1,kg1.total_degree.median,4.0,4.0,0.0,True
EN_DE_15K_V1,kg2.total_degree.median,4.0,4.0,0.0,True
EN_DE_15K_V1,kg1.total_degree.max,222.0,222.0,0.0,True
EN_DE_15K_V1,kg2.total_degree.max,235.0,235.0,0.0,True
EN_DE_15K_V1,kg1.total_degree.gini,0.5257371941158375,0.5257371941158375,0.0,True
EN_DE_15K_V1,kg2.total_degree.gini,0.5490257812861554,0.5490257812861554,0.0,True
EN_DE_15K_V1,kg1.share_isolated,0.0,0.0,0.0,True
EN_DE_15K_V1,kg2.share_isolated,0.0,0.0,0.0,True
EN_DE_15K_V1,kg1.rel.n_properties,215.0,215.0,0.0,True
EN_DE_15K_V1,kg2.rel.n_properties,131.0,131.0,0.0,True
EN_DE_15K_V1,kg1.rel.top10_concentration,0.8031084822552228,0.8031084822552228,0.0,True
EN_DE_15K_V1,kg2.rel.top10_concentration,0.7880164223804518,0.7880164223804518,0.0,True
D_W_15K_V1,kg1.n_entities,15000.0,15000.0,0.0,True
D_W_15K_V1,kg2.n_entities,15000.0,15000.0,0.0,True
D_W_15K_V1,kg1.n_relations,248.0,248.0,0.0,True
D_W_15K_V1,kg2.n_relations,169.0,169.0,0.0,True
D_W_15K_V1,kg1.n_attributes,341.0,341.0,0.0,True
D_W_15K_V1,kg2.n_attributes,649.0,649.0,0.0,True
D_W_15K_V1,kg1.n_literals,28237.0,28237.0,0.0,True
D_W_15K_V1,kg2.n_literals,118515.0,118515.0,0.0,True
D_W_15K_V1,kg1.n_rel_triples,38265.0,38265.0,0.0,True
D_W_15K_V1,kg2.n_rel_triples,42746.0,42746.0,0.0,True
D_W_15K_V1,kg1.n_attr_triples,52134.0,52134.0,0.0,True
D_W_15K_V1,kg2.n_attr_triples,138246.0,138246.0,0.0,True
D_W_15K_V1,kg1.attr_to_rel_ratio,1.3624460995687966,1.3624460995687966,0.0,True
D_W_15K_V1,kg2.attr_to_rel_ratio,3.234127169793665,3.234127169793665,0.0,True
D_W_15K_V1,alignments.n,15000.0,15000.0,0.0,True
D_W_15K_V1,kg1.total_degree.mean,5.102,5.102,0.0,True
D_W_15K_V1,kg2.total_degree.mean,5.699466666666667,5.699466666666667,0.0,True
D_W_15K_V1,kg1.total_degree.median,3.0,3.0,0.0,True
D_W_15K_V1,kg2.total_degree.median,3.0,3.0,0.0,True
D_W_15K_V1,kg1.total_degree.max,335.0,335.0,0.0,True
D_W_15K_V1,kg2.total_degree.max,4443.0,4443.0,0.0,True
D_W_15K_V1,kg1.total_degree.gini,0.4849527801733524,0.4849527801733524,0.0,True
D_W_15K_V1,kg2.total_degree.gini,0.5035773530466789,0.5035773530466789,0.0,True
D_W_15K_V1,kg1.share_isolated,0.0,0.0,0.0,True
D_W_15K_V1,kg2.share_isolated,0.0,0.0,0.0,True
D_W_15K_V1,kg1.rel.n_properties,248.0,248.0,0.0,True
D_W_15K_V1,kg2.rel.n_properties,169.0,169.0,0.0,True
D_W_15K_V1,kg1.rel.top10_concentration,0.5740493923951392,0.5740493923951392,0.0,True
D_W_15K_V1,kg2.rel.top10_concentration,0.5872128386281757,0.5872128386281757,0.0,True
D_Y_15K_V1,kg1.n_entities,15000.0,15000.0,0.0,True
D_Y_15K_V1,kg2.n_entities,15000.0,15000.0,0.0,True
D_Y_15K_V1,kg1.n_relations,165.0,165.0,0.0,True
D_Y_15K_V1,kg2.n_relations,28.0,28.0,0.0,True
D_Y_15K_V1,kg1.n_attributes,256.0,256.0,0.0,True
D_Y_15K_V1,kg2.n_attributes,34.0,34.0,0.0,True
D_Y_15K_V1,kg1.n_literals,25297.0,25297.0,0.0,True
D_Y_15K_V1,kg2.n_literals,105710.0,105710.0,0.0,True
D_Y_15K_V1,kg1.n_rel_triples,30291.0,30291.0,0.0,True
D_Y_15K_V1,kg2.n_rel_triples,26638.0,26638.0,0.0,True
D_Y_15K_V1,kg1.n_attr_triples,52093.0,52093.0,0.0,True
D_Y_15K_V1,kg2.n_attr_triples,117114.0,117114.0,0.0,True
D_Y_15K_V1,kg1.attr_to_rel_ratio,1.7197517414413521,1.7197517414413521,0.0,True
D_Y_15K_V1,kg2.attr_to_rel_ratio,4.396501238831744,4.396501238831744,0.0,True
D_Y_15K_V1,alignments.n,15000.0,15000.0,0.0,True
D_Y_15K_V1,kg1.total_degree.mean,4.0388,4.0388,0.0,True
D_Y_15K_V1,kg2.total_degree.mean,3.5517333333333334,3.5517333333333334,0.0,True
D_Y_15K_V1,kg1.total_degree.median,3.0,3.0,0.0,True
D_Y_15K_V1,kg2.total_degree.median,3.0,3.0,0.0,True
D_Y_15K_V1,kg1.total_degree.max,361.0,361.0,0.0,True
D_Y_15K_V1,kg2.total_degree.max,104.0,104.0,0.0,True
D_Y_15K_V1,kg1.total_degree.gini,0.4033726365367052,0.4033726365367052,0.0,True
D_Y_15K_V1,kg2.total_degree.gini,0.36466780288810474,0.36466780288810474,0.0,True
D_Y_15K_V1,kg1.share_isolated,0.0,0.0,0.0,True
D_Y_15K_V1,kg2.share_isolated,0.0,0.0,0.0,True
D_Y_15K_V1,kg1.rel.n_properties,165.0,165.0,0.0,True
D_Y_15K_V1,kg2.rel.n_properties,28.0,28.0,0.0,True
D_Y_15K_V1,kg1.rel.top10_concentration,0.7577498266811924,0.7577498266811924,0.0,True
D_Y_15K_V1,kg2.rel.top10_concentration,0.9558900818379759,0.9558900818379759,0.0,True
EN_FR_100K_V1,kg1.n_entities,100000.0,100000.0,0.0,True
EN_FR_100K_V1,kg2.n_entities,100000.0,100000.0,0.0,True
EN_FR_100K_V1,kg1.n_relations,400.0,400.0,0.0,True
EN_FR_100K_V1,kg2.n_relations,300.0,300.0,0.0,True
EN_FR_100K_V1,kg1.n_attributes,465.0,465.0,0.0,True
EN_FR_100K_V1,kg2.n_attributes,518.0,518.0,0.0,True
EN_FR_100K_V1,kg1.n_literals,145105.0,145105.0,0.0,True
EN_FR_100K_V1,kg2.n_literals,157794.0,157794.0,0.0,True
EN_FR_100K_V1,kg1.n_rel_triples,309607.0,309607.0,0.0,True
EN_FR_100K_V1,kg2.n_rel_triples,258285.0,258285.0,0.0,True
EN_FR_100K_V1,kg1.n_attr_triples,384248.0,384248.0,0.0,True
EN_FR_100K_V1,kg2.n_attr_triples,340725.0,340725.0,0.0,True
EN_FR_100K_V1,kg1.attr_to_rel_ratio,1.2410830504478259,1.2410830504478259,0.0,True
EN_FR_100K_V1,kg2.attr_to_rel_ratio,1.3191822986236135,1.3191822986236135,0.0,True
EN_FR_100K_V1,alignments.n,100000.0,100000.0,0.0,True
EN_FR_100K_V1,kg1.total_degree.mean,6.19214,6.19214,0.0,True
EN_FR_100K_V1,kg2.total_degree.mean,5.1657,5.1657,0.0,True
EN_FR_100K_V1,kg1.total_degree.median,3.0,3.0,0.0,True
EN_FR_100K_V1,kg2.total_degree.median,3.0,3.0,0.0,True
EN_FR_100K_V1,kg1.total_degree.max,1293.0,1293.0,0.0,True
EN_FR_100K_V1,kg2.total_degree.max,1375.0,1375.0,0.0,True
EN_FR_100K_V1,kg1.total_degree.gini,0.5723906740803664,0.5723906740803664,0.0,True
EN_FR_100K_V1,kg2.total_degree.gini,0.5644287013570279,0.5644287013570279,0.0,True
EN_FR_100K_V1,kg1.share_isolated,0.0,0.0,0.0,True
EN_FR_100K_V1,kg2.share_isolated,0.0,0.0,0.0,True
EN_FR_100K_V1,kg1.rel.n_properties,400.0,400.0,0.0,True
EN_FR_100K_V1,kg2.rel.n_properties,300.0,300.0,0.0,True
EN_FR_100K_V1,kg1.rel.top10_concentration,0.4578352556628242,0.4578352556628242,0.0,True
EN_FR_100K_V1,kg2.rel.top10_concentration,0.45461408908763573,0.45461408908763573,0.0,True
