fold,dataset,matcher,precision,recall,f1,abstain_rate,n_false_on_unmatched,runtime_s
1,EN_FR_15K_V1,value_overlap,0.6465678335617292,0.4942857142857143,0.5602633993630917,0.23552380952380947,0,0.37824604200432077
1,EN_FR_15K_V1,pyjedai_ngram,0.5293119206162684,0.3860952380952381,0.44650035794922627,0.2705714285714286,0,71.54240641700744
1,EN_FR_15K_V1,structural_propagation,0.6390455531453362,0.2805714285714286,0.3899404367968233,0.560952380952381,0,5.529401749998215
1,EN_FR_15K_V1,paris,0.9687624617838628,0.6940952380952381,0.8087443821783277,0.2835238095238095,0,11.975954833993455
1,EN_FR_15K_V2,value_overlap,0.6319636726104774,0.5434285714285715,0.5843617184699678,0.14009523809523805,0,0.40880970800935756
1,EN_FR_15K_V2,pyjedai_ngram,0.5666072489601901,0.4540952380952381,0.5041501453872588,0.19857142857142862,0,100.80939287500223
1,EN_FR_15K_V2,structural_propagation,0.7876798435535689,0.537047619047619,0.6386545104479302,0.31819047619047625,0,9.882317958006752
1,EN_FR_15K_V2,paris,0.9675615212527964,0.8238095238095238,0.889917695473251,0.14857142857142858,0,11.505685500000254
1,EN_DE_15K_V1,value_overlap,0.7124174707973591,0.5343809523809524,0.6106878537222463,0.24990476190476185,0,0.5026749999960884
1,EN_DE_15K_V1,pyjedai_ngram,0.3902378592666006,0.3,0.33922033168210214,0.23123809523809524,0,234.07476750000205
1,EN_DE_15K_V1,structural_propagation,0.8529271016111023,0.5092380952380953,0.637724372353748,0.40295238095238095,0,6.4322363329993095
1,EN_DE_15K_V1,paris,0.9833973345380619,0.8292380952380952,0.8997623230339982,0.15676190476190477,0,11.451322332999553
1,D_W_15K_V1,value_overlap,0.6410032715376227,0.2799047619047619,0.3896586012595293,0.5633333333333334,0,0.577044207995641
1,D_W_15K_V1,pyjedai_ngram,0.5263961605584643,0.2298095238095238,0.31994166003712543,0.5634285714285714,0,62.61634779199085
1,D_W_15K_V1,structural_propagation,0.7324414715719063,0.37542857142857144,0.49641103135625236,0.48742857142857143,0,4.799899958001333
1,D_W_15K_V1,paris,0.9447754686818777,0.6191428571428571,0.748058224498015,0.3446666666666667,0,16.543226374997175
1,D_Y_15K_V1,value_overlap,0.8229237002025659,0.4642857142857143,0.5936434486117876,0.43580952380952376,0,0.5420233750046464
1,D_Y_15K_V1,pyjedai_ngram,0.7604191474160514,0.3040952380952381,0.4344513232192666,0.600095238095238,0,53.05647212501208
1,D_Y_15K_V1,structural_propagation,0.6429532207442834,0.4097142857142857,0.500494444767611,0.36276190476190473,0,3.6497959999978775
1,D_Y_15K_V1,paris,0.9849306157849089,0.8652380952380953,0.921212735753397,0.12152380952380948,0,7.572365583007922
2,EN_FR_15K_V1,value_overlap,0.6448121423239612,0.4936190476190476,0.5591757471140361,0.2344761904761905,0,0.4124058339948533
2,EN_FR_15K_V1,pyjedai_ngram,0.5261650611819838,0.38495238095238093,0.4446155538444615,0.2683809523809524,0,62.855895832995884
2,EN_FR_15K_V1,structural_propagation,0.6187727175539876,0.2756190476190476,0.3813665414772353,0.5545714285714285,0,5.919269375008298
2,EN_FR_15K_V1,paris,0.9701749734888653,0.697047619047619,0.8112391930835734,0.2815238095238095,0,10.05997883300006
2,EN_FR_15K_V2,value_overlap,0.6290929203539823,0.5416190476190477,0.582088024564995,0.1390476190476191,0,0.3596362090029288
2,EN_FR_15K_V2,pyjedai_ngram,0.5684996444655132,0.45685714285714285,0.5066004857957547,0.19638095238095243,0,101.17847041599452
2,EN_FR_15K_V2,structural_propagation,0.7724913494809689,0.5102857142857142,0.6145905024088093,0.3394285714285714,0,8.563378874998307
2,EN_FR_15K_V2,paris,0.9686940966010733,0.8251428571428572,0.8911746554206953,0.1481904761904762,0,12.295038958996884
2,EN_DE_15K_V1,value_overlap,0.7191413237924866,0.536,0.6142093200916731,0.2546666666666667,0,1.0866388750000624
2,EN_DE_15K_V1,pyjedai_ngram,0.3888957586249536,0.2995238095238095,0.33840856512616346,0.2298095238095238,0,246.84312687499914
2,EN_DE_15K_V1,structural_propagation,0.8478365000798339,0.5057142857142857,0.6335381494959136,0.4035238095238095,0,6.417339916006313
2,EN_DE_15K_V1,paris,0.9821165817770232,0.8263809523809523,0.8975433152314455,0.15857142857142859,0,14.020254709001165
2,D_W_15K_V1,value_overlap,0.6376967867155489,0.2816190476190476,0.39069828896082454,0.5583809523809524,0,1.3249088339944137
2,D_W_15K_V1,pyjedai_ngram,0.5227817745803357,0.22838095238095238,0.31788957380526284,0.5631428571428572,0,64.5814295829914
2,D_W_15K_V1,structural_propagation,0.7366332892499527,0.37133333333333335,0.4937630595833597,0.49590476190476196,0,5.6298119999992196
2,D_W_15K_V1,paris,0.9425879581922567,0.6098095238095238,0.7405308506332042,0.35304761904761905,0,15.494308415989508
2,D_Y_15K_V1,value_overlap,0.8254637436762225,0.4661904761904762,0.595861229458308,0.4352380952380952,0,0.5911285000038333
2,D_Y_15K_V1,pyjedai_ngram,0.7560283687943262,0.30457142857142855,0.4342158859470468,0.5971428571428572,0,51.32626462500775
2,D_Y_15K_V1,structural_propagation,0.652542372881356,0.4033333333333333,0.4985285462036492,0.38190476190476186,0,3.310877875002916
2,D_Y_15K_V1,paris,0.984712132711699,0.8649523809523809,0.9209552299345941,0.12161904761904763,0,7.473013875001925
3,EN_FR_15K_V1,value_overlap,0.6466268359472243,0.49476190476190474,0.560591345635049,0.23485714285714288,0,0.3959726250031963
3,EN_FR_15K_V1,pyjedai_ngram,0.5214406011141339,0.38333333333333336,0.4418464240627916,0.2648571428571429,0,60.88716829199984
3,EN_FR_15K_V1,structural_propagation,0.6389559113840755,0.2774285714285714,0.38687827877017067,0.5658095238095238,0,7.210311542003183
3,EN_FR_15K_V1,paris,0.9697977647684939,0.6941904761904761,0.8091696269982238,0.2841904761904762,0,11.695799833003548
3,EN_FR_15K_V2,value_overlap,0.6275357499168607,0.5391428571428571,0.5799907791609037,0.1408571428571429,0,0.9102202500071144
3,EN_FR_15K_V2,pyjedai_ngram,0.5635889534194619,0.45285714285714285,0.5021914770026932,0.19647619047619047,0,100.73965199998929
3,EN_FR_15K_V2,structural_propagation,0.7869681224547114,0.5337142857142857,0.6360592474887917,0.32180952380952377,0,8.467481792002218
3,EN_FR_15K_V2,paris,0.9655712050078247,0.8226666666666667,0.8884089272858171,0.14800000000000002,0,11.807898375001969
3,EN_DE_15K_V1,value_overlap,0.7145966709346991,0.5315238095238095,0.6096122337520481,0.2561904761904762,0,0.5565828329999931
3,EN_DE_15K_V1,pyjedai_ngram,0.38916500994035785,0.29828571428571427,0.33771835238300624,0.23352380952380958,0,240.88473979200353
3,EN_DE_15K_V1,structural_propagation,0.8459704339532665,0.5068571428571429,0.63391102376273,0.4008571428571429,0,5.334810625005048
3,EN_DE_15K_V1,paris,0.9836567926455567,0.8254285714285714,0.8976231163585521,0.1608571428571428,0,13.487757541995961
3,D_W_15K_V1,value_overlap,0.6441296415539816,0.2858095238095238,0.3959364074147371,0.5562857142857143,0,0.6041420830006246
3,D_W_15K_V1,pyjedai_ngram,0.5291106845809341,0.2362857142857143,0.32668378431759826,0.5534285714285714,0,63.84780212500482
3,D_W_15K_V1,structural_propagation,0.7172332481823541,0.3476190476190476,0.46827891461928284,0.5153333333333333,0,4.881424375009374
3,D_W_15K_V1,paris,0.9458278724333771,0.6185714285714285,0.7479702884781483,0.346,0,16.131631875003222
3,D_Y_15K_V1,value_overlap,0.8260355029585799,0.4653333333333333,0.5953091684434968,0.43666666666666665,0,0.5979998330003582
3,D_Y_15K_V1,pyjedai_ngram,0.7631893053234662,0.30447619047619046,0.43529171488869217,0.601047619047619,0,55.3838351250015
3,D_Y_15K_V1,structural_propagation,0.6480763495377274,0.4139047619047619,0.5051726142043473,0.3613333333333333,0,3.213245042003109
3,D_Y_15K_V1,paris,0.9851731601731601,0.8669523809523809,0.922289766970618,0.12,0,8.733709624997573
4,EN_FR_15K_V1,value_overlap,0.6409905425584869,0.49057142857142855,0.555783340526543,0.2346666666666667,0,1.17885587499768
4,EN_FR_15K_V1,pyjedai_ngram,0.5260206077996609,0.3840952380952381,0.44399185336048874,0.26980952380952383,0,69.47061870800098
4,EN_FR_15K_V1,structural_propagation,0.6265728300277245,0.2798095238095238,0.3868589110540523,0.5534285714285714,0,6.68493929199758
4,EN_FR_15K_V1,paris,0.9662758529837966,0.6985714285714286,0.8109004477364435,0.2770476190476191,0,20.427918582994607
4,EN_FR_15K_V2,value_overlap,0.6253742930021071,0.537047619047619,0.5778552031562227,0.14123809523809527,0,0.37651900001219474
4,EN_FR_15K_V2,pyjedai_ngram,0.5685152057245081,0.454,0.5048451151707705,0.2014285714285714,0,103.36167979199672
4,EN_FR_15K_V2,structural_propagation,0.7668357283741899,0.5183809523809524,0.6185930219343108,0.32399999999999995,0,8.045975250002812
4,EN_FR_15K_V2,paris,0.9680098776518128,0.8213333333333334,0.8886599000463703,0.1515238095238095,0,11.716054917007568
4,EN_DE_15K_V1,value_overlap,0.7205190179366493,0.5394285714285715,0.6169598605740428,0.2513333333333333,0,0.5549905410007341
4,EN_DE_15K_V1,pyjedai_ngram,0.3998507091316248,0.3060952380952381,0.3467472219225375,0.2344761904761905,0,243.6372239170014
4,EN_DE_15K_V1,structural_propagation,0.849499920622321,0.5096190476190476,0.6370617298648729,0.40009523809523806,0,5.846997832995839
4,EN_DE_15K_V1,paris,0.9818963566417741,0.8264761904761905,0.897507498190092,0.15828571428571425,0,16.464440541996737
4,D_W_15K_V1,value_overlap,0.6417553769280904,0.2813333333333333,0.39118056015361186,0.5616190476190477,0,1.5469987079995917
4,D_W_15K_V1,pyjedai_ngram,0.5326939843068875,0.23276190476190475,0.323966065747614,0.563047619047619,0,69.80207004099793
4,D_W_15K_V1,structural_propagation,0.7480553974577879,0.37552380952380954,0.500031703760066,0.498,0,5.189103291995707
4,D_W_15K_V1,paris,0.9450820862995787,0.6195238095238095,0.7484323764597596,0.3444761904761905,0,20.136488834003103
4,D_Y_15K_V1,value_overlap,0.8191398946115928,0.45895238095238095,0.5882927424769578,0.4397142857142857,0,1.4297092500055442
4,D_Y_15K_V1,pyjedai_ngram,0.7603166986564299,0.3018095238095238,0.43209708208344694,0.603047619047619,0,53.19074795799679
4,D_Y_15K_V1,structural_propagation,0.6354679802955665,0.3931428571428571,0.4857613556130855,0.3813333333333333,0,3.199409917011508
4,D_Y_15K_V1,paris,0.9849485652409312,0.8662857142857143,0.9218140359766911,0.12047619047619051,0,7.416030000007595
5,EN_FR_15K_V1,value_overlap,0.645225381845275,0.4948571428571429,0.5601250471621839,0.23304761904761906,0,0.4029610839934321
5,EN_FR_15K_V1,pyjedai_ngram,0.5215081627364602,0.38333333333333336,0.4418706773520694,0.26495238095238094,0,70.31640595800127
5,EN_FR_15K_V1,structural_propagation,0.6410698878343399,0.28304761904761905,0.3927061310782241,0.5584761904761905,0,6.9150017500069225
5,EN_FR_15K_V1,paris,0.9691022410820846,0.696,0.810154647746799,0.28180952380952384,0,13.599667416987359
5,EN_FR_15K_V2,value_overlap,0.6211063075047112,0.5336190476190477,0.5740484606321398,0.1408571428571429,0,0.3933404999988852
5,EN_FR_15K_V2,pyjedai_ngram,0.5661053385883196,0.4514285714285714,0.5023048799872833,0.20257142857142862,0,113.32214070799819
5,EN_FR_15K_V2,structural_propagation,0.7704213241616509,0.512,0.6151733607964298,0.3354285714285714,0,10.441731750004692
5,EN_FR_15K_V2,paris,0.9685463940687487,0.8211428571428572,0.8887743531594682,0.1521904761904762,0,12.694950875011273
5,EN_DE_15K_V1,value_overlap,0.7188857653973934,0.5358095238095238,0.613991050965841,0.2546666666666667,0,0.5480017920053797
5,EN_DE_15K_V1,pyjedai_ngram,0.3882542835857959,0.2978095238095238,0.33707017354748303,0.2329523809523809,0,237.95600433299842
5,EN_DE_15K_V1,structural_propagation,0.8561459159397303,0.514095238095238,0.6424278488545075,0.3995238095238095,0,4.716159250005148
5,EN_DE_15K_V1,paris,0.9828151498021481,0.8279047619047619,0.8987335228741277,0.15761904761904766,0,12.600974500004668
5,D_W_15K_V1,value_overlap,0.6420343403607911,0.2813333333333333,0.39123236871730344,0.5618095238095238,0,1.3679295830079354
5,D_W_15K_V1,pyjedai_ngram,0.5263043478260869,0.23057142857142857,0.32066225165562917,0.5619047619047619,0,62.09900295799889
5,D_W_15K_V1,structural_propagation,0.7253914988814317,0.37057142857142855,0.4905446293494704,0.4891428571428571,0,4.33009587500419
5,D_W_15K_V1,paris,0.9456505901209383,0.6180952380952381,0.7475666647468755,0.34638095238095234,0,15.06598662500619
5,D_Y_15K_V1,value_overlap,0.8244572591587517,0.46295238095238095,0.592949499878019,0.43847619047619046,0,0.733318207989214
5,D_Y_15K_V1,pyjedai_ngram,0.7593390804597702,0.302,0.4321340964840556,0.6022857142857143,0,53.33357225000509
5,D_Y_15K_V1,structural_propagation,0.6478339897000909,0.4073333333333333,0.5001754180797567,0.37123809523809526,0,3.0720599999913247
5,D_Y_15K_V1,paris,0.9839023336214348,0.8673333333333333,0.921947762705001,0.11847619047619051,0,8.27737979099038
